" ","test","mlep2","M","m2","m3","E","Pt","Eta","Phi","DEta","DPhi","DR","nMuons","nElectrons","nPhotons","nBJets","nPV","nPU","met","Sieie","Sieip","Sipip","Srr","E2x2","E5x5","ScEtaWidth","ScPhiWidth","ScRawE","ScBrem","PreShowerE","HoverE","Ich","Ineu","Iph","R9","MVA","ShowerShapeMVA","eres","Rho","part"
"test",15,15,15,15,15,15,15,15,15,15,15,15,15,15,15,15,15,15,15,15,15,15,15,15,15,15,15,15,15,15,15,15,15,15,15,15,15,15,15,"test"
" ",15,20,,30,40,,,,,,,,5,5,5,5,100,100,40,,,,,,,,,,,,,,,,,,"[-1.00000000e+00 -9.00000000e-01 -8.00000000e-01 -7.00000000e-01
 -6.00000000e-01 -5.00000000e-01 -4.00000000e-01 -3.00000000e-01
 -2.00000000e-01 -1.00000000e-01 -2.22044605e-16  1.00000000e-01
  2.00000000e-01  3.00000000e-01  4.00000000e-01  5.00000000e-01
  6.00000000e-01  7.00000000e-01  8.00000000e-01  9.00000000e-01]",,150," "
"dilepton",15,,"[ 50, 52, 54, 56, 58, 60, 62, 64, 66, 68, 70, 72, 74, 76, 78, 80, 82, 84, 86, 88, 90, 92, 94, 96, 98, 100, 102, 105, 110, 115, 120, 125, 130,  135, 140, 145, 150, 155, 160, 165, 170, 180, 190, 200, 210, 220, 230, 240]",,,40,"[0, 2, 4, 6, 8, 10 , 12, 14 , 16 , 18, 20, 22, 24, 26, 28, 30, 32, 34, 36, 38, 40, 42, 44, 46, 48, 50, 52, 54, 56, 58, 60, 62, 64, 66, 68, 70, 72, 74, 76, 78, 80, 82, 84, 86, 88, 90, 92, 94, 96, 98, 100, 102, 104, 106, 108, 110, 112, 114, 116, 118, 120, 122, 124, 126, 128, 130, 132, 134, 136, 138, 140, 142, 144]",40,40,30,30,30,,,,,,,,,,,,,,,,,,,,,,,,,,,,"dilepton"
"dilepton_EE",15,,"[ 50, 52, 54, 56, 58, 60, 62, 64, 66, 68, 70, 72, 74, 76, 78, 80, 82, 84, 86, 88, 90, 92, 94, 96, 98, 100, 102, 105, 110, 115, 120, 125, 130,  135, 140, 145, 150, 155, 160, 165, 170, 180, 190, 200, 210, 220, 230, 240]",,,40,"[0, 2, 4, 6, 8, 10 , 12, 14 , 16 , 18, 20, 22, 24, 26, 28, 30, 32, 34, 36, 38, 40, 42, 44, 46, 48, 50, 52, 54, 56, 58, 60, 62, 64, 66, 68, 70, 72, 74, 76, 78, 80, 82, 84, 86, 88, 90, 92, 94, 96, 98, 100, 102, 104, 106, 108, 110, 112, 114, 116, 118, 120, 122, 124, 126, 128, 130, 132, 134, 136, 138, 140, 142, 144]",40,40,30,30,30,,,,,,,,,,,,,,,,,,,,,,,,,,,,"dilepton_EE"
"dilepton_EB",15,,"[ 50, 52, 54, 56, 58, 60, 62, 64, 66, 68, 70, 72, 74, 76, 78, 80, 82, 84, 86, 88, 90, 92, 94, 96, 98, 100, 102, 105, 110, 115, 120, 125, 130,  135, 140, 145, 150, 155, 160, 165, 170, 180, 190, 200, 210, 220, 230, 240]",,,40,"[0, 2, 4, 6, 8, 10 , 12, 14 , 16 , 18, 20, 22, 24, 26, 28, 30, 32, 34, 36, 38, 40, 42, 44, 46, 48, 50, 52, 54, 56, 58, 60, 62, 64, 66, 68, 70, 72, 74, 76, 78, 80, 82, 84, 86, 88, 90, 92, 94, 96, 98, 100, 102, 104, 106, 108, 110, 112, 114, 116, 118, 120, 122, 124, 126, 128, 130, 132, 134, 136, 138, 140, 142, 144]",40,40,30,30,30,,,,,,,,,,,,,,,,,,,,,,,,,,,,"dilepton_EB"
"llg",15,,"[50, 53, 56, 59, 62, 65, 68, 71, 74, 77, 80, 83, 86, 89, 92, 95, 98, 101, 104, 107, 110, 113, 116, 119, 122, 125, 128, 131, 134, 137, 140, 143, 146, 149, 152, 155, 158, 161, 164, 167, 170, 173, 176, 179, 182, 185, 188, 191, 194, 197, 200, 203, 206, 209, 212, 215, 218, 221, 224, 227, 230, 233, 236, 239, 242, 245, 248]",,,40,"[0, 2, 4, 6, 8, 10 , 12, 14 , 16 , 18, 20, 22, 24, 26, 28, 30, 32, 34, 36, 38, 40, 42, 44, 46, 48, 50, 52, 54, 56, 58, 60, 62, 64, 66, 68, 70, 72, 74, 76, 78, 80, 82, 84, 86, 88, 90, 92, 94, 96, 98, 100, 102, 104, 106, 108, 110, 112, 114, 116, 118, 120, 122, 124, 126, 128, 130, 132, 134, 136, 138, 140, 142, 144]",40,40,,,,,,,,,,,,,,,,,,,,,,,,,,,,,,,"llg"
"llg_EE",15,,"[50, 53, 56, 59, 62, 65, 68, 71, 74, 77, 80, 83, 86, 89, 92, 95, 98, 101, 104, 107, 110, 113, 116, 119, 122, 125, 128, 131, 134, 137, 140, 143, 146, 149, 152, 155, 158, 161, 164, 167, 170, 173, 176, 179, 182, 185, 188, 191, 194, 197, 200, 203, 206, 209, 212, 215, 218, 221, 224, 227, 230, 233, 236, 239, 242, 245, 248]",,,40,"[0, 2, 4, 6, 8, 10 , 12, 14 , 16 , 18, 20, 22, 24, 26, 28, 30, 32, 34, 36, 38, 40, 42, 44, 46, 48, 50, 52, 54, 56, 58, 60, 62, 64, 66, 68, 70, 72, 74, 76, 78, 80, 82, 84, 86, 88, 90, 92, 94, 96, 98, 100, 102, 104, 106, 108, 110, 112, 114, 116, 118, 120, 122, 124, 126, 128, 130, 132, 134, 136, 138, 140, 142, 144]",40,40,,,,,,,,,,,,,,,,,,,,,,,,,,,,,,,"llg_EE"
"llg_EB",15,,"[50, 53, 56, 59, 62, 65, 68, 71, 74, 77, 80, 83, 86, 89, 92, 95, 98, 101, 104, 107, 110, 113, 116, 119, 122, 125, 128, 131, 134, 137, 140, 143, 146, 149, 152, 155, 158, 161, 164, 167, 170, 173, 176, 179, 182, 185, 188, 191, 194, 197, 200, 203, 206, 209, 212, 215, 218, 221, 224, 227, 230, 233, 236, 239, 242, 245, 248]",,,40,"[0, 2, 4, 6, 8, 10 , 12, 14 , 16 , 18, 20, 22, 24, 26, 28, 30, 32, 34, 36, 38, 40, 42, 44, 46, 48, 50, 52, 54, 56, 58, 60, 62, 64, 66, 68, 70, 72, 74, 76, 78, 80, 82, 84, 86, 88, 90, 92, 94, 96, 98, 100, 102, 104, 106, 108, 110, 112, 114, 116, 118, 120, 122, 124, 126, 128, 130, 132, 134, 136, 138, 140, 142, 144]",40,40,,,,,,,,,,,,,,,,,,,,,,,,,,,,,,,"llg_EB"
"dijet",15,,15,,,40,40,15,15,30,30,30,,,,,,,,,,,,,,,,,,,,,,,,,,,,"dijet"
"dijetgm",15,,15,,,40,40,15,15,,,,,,,,,,,,,,,,,,,,,,,,,,,,,,,"dijetgm"
"photonOne",15,,,,,40,"[15, 20, 25, 30, 35, 40, 45, 50, 55, 60, 65, 70, 75, 80, 85, 90, 95, 100, 105, 110, 115, 120, 125, 130, 135, 140, 145, 150, 155, 160, 165, 170, 175, 180, 185, 190, 195, 200, 205, 210, 215, 220, 225, 230, 235, 240, 245, 250, 255, 260, 265, 270, 275, 280, 285, 290, 295]",30,30,,,,,,,,,,,50,40,40,40,40,60,40,30,40,40,40,40,30,30,30,40,40,,30,,"photonOne"
"photonOne_EE",15,,,,,40,"[15, 20, 25, 30, 35, 40, 45, 50, 55, 60, 65, 70, 75, 80, 85, 90, 95, 100, 105, 110, 115, 120, 125, 130, 135, 140, 145, 150, 155, 160, 165, 170, 175, 180, 185, 190, 195, 200, 205, 210, 215, 220, 225, 230, 235, 240, 245, 250, 255, 260, 265, 270, 275, 280, 285, 290, 295]",30,30,,,,,,,,,,,50,40,40,40,40,60,40,30,40,40,40,40,30,30,30,40,40,,30,,"photonOne_EE"
"photonOne_EB",15,,,,,40,"[15, 20, 25, 30, 35, 40, 45, 50, 55, 60, 65, 70, 75, 80, 85, 90, 95, 100, 105, 110, 115, 120, 125, 130, 135, 140, 145, 150, 155, 160, 165, 170, 175, 180, 185, 190, 195, 200, 205, 210, 215, 220, 225, 230, 235, 240, 245, 250, 255, 260, 265, 270, 275, 280, 285, 290, 295]",30,30,,,,,,,,,,,50,40,40,40,40,60,40,30,40,40,40,40,30,30,30,40,40,,30,,"photonOne_EB"
"leptonOne",15,,,,,40,"[20, 22, 24, 26, 28, 30, 32, 34, 36, 38, 40, 42, 44, 46, 48, 50, 52, 54, 56, 58, 60, 62, 64, 66, 68, 70, 72, 74, 76, 78, 80, 82, 84, 86, 88, 90, 92, 94, 96, 98, 100, 102, 104, 106, 108, 110, 112, 114, 116, 118, 120, 122, 124, 126, 128, 130, 132, 134, 136, 138]",30,30,,,,,,,,,,,,,,,,,,,,,,,,,,,,,,,"leptonOne"
"leptonOne_EE",15,,,,,40,"[20, 22, 24, 26, 28, 30, 32, 34, 36, 38, 40, 42, 44, 46, 48, 50, 52, 54, 56, 58, 60, 62, 64, 66, 68, 70, 72, 74, 76, 78, 80, 82, 84, 86, 88, 90, 92, 94, 96, 98, 100, 102, 104, 106, 108, 110, 112, 114, 116, 118, 120, 122, 124, 126, 128, 130, 132, 134, 136, 138]",30,30,,,,,,,,,,,,,,,,,,,,,,,,,,,,,,,"leptonOne_EE"
"leptonOne_EB",15,,,,,40,"[20, 22, 24, 26, 28, 30, 32, 34, 36, 38, 40, 42, 44, 46, 48, 50, 52, 54, 56, 58, 60, 62, 64, 66, 68, 70, 72, 74, 76, 78, 80, 82, 84, 86, 88, 90, 92, 94, 96, 98, 100, 102, 104, 106, 108, 110, 112, 114, 116, 118, 120, 122, 124, 126, 128, 130, 132, 134, 136, 138]",30,30,,,,,,,,,,,,,,,,,,,,,,,,,,,,,,,"leptonOne_EB"
"leptonTwo",15,,,,,40,"[20, 22, 24, 26, 28, 30, 32, 34, 36, 38, 40, 42, 44, 46, 48, 50, 52, 54, 56, 58, 60, 62, 64, 66, 68, 70, 72, 74, 76, 78, 80, 82, 84, 86, 88, 90, 92, 94, 96, 98, 100, 102, 104, 106, 108, 110, 112, 114, 116, 118, 120, 122, 124, 126, 128, 130, 132, 134, 136, 138]",30,30,,,,,,,,,,,,,,,,,,,,,,,,,,,,,,,"leptonTwo"
"leptonTwo_EE",15,,,,,40,"[20, 22, 24, 26, 28, 30, 32, 34, 36, 38, 40, 42, 44, 46, 48, 50, 52, 54, 56, 58, 60, 62, 64, 66, 68, 70, 72, 74, 76, 78, 80, 82, 84, 86, 88, 90, 92, 94, 96, 98, 100, 102, 104, 106, 108, 110, 112, 114, 116, 118, 120, 122, 124, 126, 128, 130, 132, 134, 136, 138]",30,30,,,,,,,,,,,,,,,,,,,,,,,,,,,,,,,"leptonTwo_EE"
"leptonTwo_EB",15,,,,,40,"[20, 22, 24, 26, 28, 30, 32, 34, 36, 38, 40, 42, 44, 46, 48, 50, 52, 54, 56, 58, 60, 62, 64, 66, 68, 70, 72, 74, 76, 78, 80, 82, 84, 86, 88, 90, 92, 94, 96, 98, 100, 102, 104, 106, 108, 110, 112, 114, 116, 118, 120, 122, 124, 126, 128, 130, 132, 134, 136, 138]",30,30,,,,,,,,,,,,,,,,,,,,,,,,,,,,,,,"leptonTwo_EB"
"jet1",15,,,,,40,40,15,30,,,,,,,,,,,,,,,,,,,,,,,,,,,,,,,"jet1"
"jet2",15,,,,,40,40,15,30,,,,,,,,,,,,,,,,,,,,,,,,,,,,,,,"jet2"
"l1Photon",15,,"[15, 18, 21, 24, 27, 30, 33, 36, 39, 42, 45, 48, 51, 54, 57, 60, 63, 66, 69, 72, 75, 78, 81, 84, 87, 90, 93, 96, 99, 102, 105, 108, 111, 114, 117, 120, 123, 126, 129, 132, 135, 138, 141, 144, 147, 150, 153, 156, 159, 162, 165, 168, 171, 174, 177, 180, 183, 186, 189, 192, 195, 198, 201, 204, 207, 210, 213, 216, 219, 222, 225, 228, 231, 234, 237, 240, 243, 246, 249, 252, 255, 258, 261, 264, 267, 270, 273, 276, 279, 282, 285, 288, 291, 294, 297]",,,,40,,,30,30,30,,,,,,,,,,,,,,,,,,,,,,,,,,,,"l1Photon"
"l2Photon",15,,"[15, 18, 21, 24, 27, 30, 33, 36, 39, 42, 45, 48, 51, 54, 57, 60, 63, 66, 69, 72, 75, 78, 81, 84, 87, 90, 93, 96, 99, 102, 105, 108, 111, 114, 117, 120, 123, 126, 129, 132, 135, 138, 141, 144, 147, 150, 153, 156, 159, 162, 165, 168, 171, 174, 177, 180, 183, 186, 189, 192, 195, 198, 201, 204, 207, 210, 213, 216, 219, 222, 225, 228, 231, 234, 237, 240, 243, 246, 249, 252, 255, 258, 261, 264, 267, 270, 273, 276, 279, 282, 285, 288, 291, 294, 297]",,,,40,,,30,30,30,,,,,,,,,,,,,,,,,,,,,,,,,,,,"l2Photon"
"l1Photon_EE",15,,"[15, 18, 21, 24, 27, 30, 33, 36, 39, 42, 45, 48, 51, 54, 57, 60, 63, 66, 69, 72, 75, 78, 81, 84, 87, 90, 93, 96, 99, 102, 105, 108, 111, 114, 117, 120, 123, 126, 129, 132, 135, 138, 141, 144, 147, 150, 153, 156, 159, 162, 165, 168, 171, 174, 177, 180, 183, 186, 189, 192, 195, 198, 201, 204, 207, 210, 213, 216, 219, 222, 225, 228, 231, 234, 237, 240, 243, 246, 249, 252, 255, 258, 261, 264, 267, 270, 273, 276, 279, 282, 285, 288, 291, 294, 297]",,,,40,,,30,30,30,,,,,,,,,,,,,,,,,,,,,,,,,,,,"l1Photon_EE"
"l2Photon_EE",15,,"[15, 18, 21, 24, 27, 30, 33, 36, 39, 42, 45, 48, 51, 54, 57, 60, 63, 66, 69, 72, 75, 78, 81, 84, 87, 90, 93, 96, 99, 102, 105, 108, 111, 114, 117, 120, 123, 126, 129, 132, 135, 138, 141, 144, 147, 150, 153, 156, 159, 162, 165, 168, 171, 174, 177, 180, 183, 186, 189, 192, 195, 198, 201, 204, 207, 210, 213, 216, 219, 222, 225, 228, 231, 234, 237, 240, 243, 246, 249, 252, 255, 258, 261, 264, 267, 270, 273, 276, 279, 282, 285, 288, 291, 294, 297]",,,,40,,,30,30,30,,,,,,,,,,,,,,,,,,,,,,,,,,,,"l2Photon_EE"
"l1Photon_EB",15,,"[15, 18, 21, 24, 27, 30, 33, 36, 39, 42, 45, 48, 51, 54, 57, 60, 63, 66, 69, 72, 75, 78, 81, 84, 87, 90, 93, 96, 99, 102, 105, 108, 111, 114, 117, 120, 123, 126, 129, 132, 135, 138, 141, 144, 147, 150, 153, 156, 159, 162, 165, 168, 171, 174, 177, 180, 183, 186, 189, 192, 195, 198, 201, 204, 207, 210, 213, 216, 219, 222, 225, 228, 231, 234, 237, 240, 243, 246, 249, 252, 255, 258, 261, 264, 267, 270, 273, 276, 279, 282, 285, 288, 291, 294, 297]",,,,40,,,30,30,30,,,,,,,,,,,,,,,,,,,,,,,,,,,,"l1Photon_EB"
"l2Photon_EB",15,,"[15, 18, 21, 24, 27, 30, 33, 36, 39, 42, 45, 48, 51, 54, 57, 60, 63, 66, 69, 72, 75, 78, 81, 84, 87, 90, 93, 96, 99, 102, 105, 108, 111, 114, 117, 120, 123, 126, 129, 132, 135, 138, 141, 144, 147, 150, 153, 156, 159, 162, 165, 168, 171, 174, 177, 180, 183, 186, 189, 192, 195, 198, 201, 204, 207, 210, 213, 216, 219, 222, 225, 228, 231, 234, 237, 240, 243, 246, 249, 252, 255, 258, 261, 264, 267, 270, 273, 276, 279, 282, 285, 288, 291, 294, 297]",,,,40,,,30,30,30,,,,,,,,,,,,,,,,,,,,,,,,,,,,"l2Photon_EB"
"j1Photon",15,,,,,,,,,30,30,30,,,,,,,,,,,,,,,,,,,,,,,,,,,,"j1Photon"
"j2Photon",15,,,,,,,,,30,30,30,,,,,,,,,,,,,,,,,,,,,,,,,,,,"j2Photon"
"j1Photon_EE",15,,,,,,,,,30,30,30,,,,,,,,,,,,,,,,,,,,,,,,,,,,"j1Photon_EE"
"j2Photon_EE",15,,,,,,,,,30,30,30,,,,,,,,,,,,,,,,,,,,,,,,,,,,"j2Photon_EE"
"j1Photon_EB",15,,,,,,,,,30,30,30,,,,,,,,,,,,,,,,,,,,,,,,,,,,"j1Photon_EB"
"j2Photon_EB",15,,,,,,,,,30,30,30,,,,,,,,,,,,,,,,,,,,,,,,,,,,"j2Photon_EB"
"Jet1Lep1",15,,,,,,,,,30,30,30,,,,,,,,,,,,,,,,,,,,,,,,,,,,"Jet1Lep1"
"Jet2Lep1",15,,,,,,,,,30,30,30,,,,,,,,,,,,,,,,,,,,,,,,,,,,"Jet2Lep1"
"Jet1Lep2",15,,,,,,,,,30,30,30,,,,,,,,,,,,,,,,,,,,,,,,,,,,"Jet1Lep2"
"Jet2Lep2",15,,,,,,,,,30,30,30,,,,,,,,,,,,,,,,,,,,,,,,,,,,"Jet2Lep2"
"dileptonPhoton",15,,,,,,,,,30,30,30,,,,,,,,,,,,,,,,,,,,,,,,,,,,"dileptonPhoton"
"dileptonPhoton_EE",15,,,,,,,,,30,30,30,,,,,,,,,,,,,,,,,,,,,,,,,,,,"dileptonPhoton_EE"
"dileptonPhoton_EB",15,,,,,,,,,30,30,30,,,,,,,,,,,,,,,,,,,,,,,,,,,,"dileptonPhoton_EB"
"dijet_gm",15,,,,,,,,,30,30,30,,,,,,,,,,,,,,,,,,,,,,,,,,,,"dijet_gm"
"dijet_lep",15,,,,,,,,,30,30,30,,,,,,,,,,,,,,,,,,,,,,,,,,,,"dijet_lep"
"_EE",15,,,,,,,,,,,,,,,,100,,,,,,,,,,,,,,,,,,,,"[-1.00000000e+00 -9.00000000e-01 -8.00000000e-01 -7.00000000e-01
 -6.00000000e-01 -5.00000000e-01 -4.00000000e-01 -3.00000000e-01
 -2.00000000e-01 -1.00000000e-01 -2.22044605e-16  1.00000000e-01
  2.00000000e-01  3.00000000e-01  4.00000000e-01  5.00000000e-01
  6.00000000e-01  7.00000000e-01  8.00000000e-01  9.00000000e-01]",,," _EE"
"_EB",15,,,,,,,,,,,,,,,,100,,,,,,,,,,,,,,,,,,,,"[-1.00000000e+00 -9.00000000e-01 -8.00000000e-01 -7.00000000e-01
 -6.00000000e-01 -5.00000000e-01 -4.00000000e-01 -3.00000000e-01
 -2.00000000e-01 -1.00000000e-01 -2.22044605e-16  1.00000000e-01
  2.00000000e-01  3.00000000e-01  4.00000000e-01  5.00000000e-01
  6.00000000e-01  7.00000000e-01  8.00000000e-01  9.00000000e-01]",,," _EB"
